Feature_Index,Value,Description
Feat_00,-0.0842,Background_Noise
Feat_01,0.0906,Background_Noise
Feat_02,-0.9446,Background_Noise
Feat_03,1.0706,Background_Noise
Feat_04,3.7299,PRIMARY_SIGNAL_ACTIVE
Feat_05,-1.3038,Background_Noise
Feat_06,-0.5787,Background_Noise
Feat_07,0.4067,Background_Noise
Feat_08,-1.9768,Background_Noise
Feat_09,-0.1781,Background_Noise
Feat_10,0.4923,Background_Noise
Feat_11,-0.9761,Background_Noise
Feat_12,0.6939,Background_Noise
Feat_13,-0.6670,Background_Noise
Feat_14,0.1590,Background_Noise
Feat_15,-0.4575,Background_Noise
